{"filesMd5":[{"page":"/config/index.js","md5":"03b0d139023a592245f817daf20145f2"},{"page":"/pages/demo/assets/index.js","md5":"b701dcb023e8a2231c05e584e10bad7d"},{"page":"/mediator/index.js","md5":"9fd6966d7720ab8c62f116d310ad09a4"},{"page":"/pages/demo/bmcalendar/index.js","md5":"12f410cf712c3de27d9b664c02297e6c"},{"page":"/pages/demo/bmchart/index.js","md5":"eef690bec1a66a1bdb2522957b95b002"},{"page":"/pages/demo/bmrichtext/index.js","md5":"af564366ce421f3ebac2bfb634fe8a9f"},{"page":"/pages/demo/event/a.js","md5":"9dc70e8f04a9cddb7db4b9e430f2a0bc"},{"page":"/pages/demo/event/b.js","md5":"b765dde64c46b1c5492f90707b693865"},{"page":"/pages/demo/font/index.js","md5":"dadcf9bc41b736b582e33d3151343255"},{"page":"/pages/demo/globalAttr/index.js","md5":"50e52ae6441701bd1450ba3ba0a213c6"},{"page":"/pages/demo/image/index.js","md5":"1a75a1bb69e1d7ff336f22bf9e391127"},{"page":"/pages/demo/index.js","md5":"c9ee38889432dce3fdafddb7932d3062"},{"page":"/pages/demo/inputExtend/index.js","md5":"992f696d13723ceb6327f45b256fb22f"},{"page":"/pages/demo/lifecycle/index.js","md5":"755631cda8f57974f17cda0eeeb5e1ba"},{"page":"/pages/demo/notice/index.js","md5":"3af99cb1cf279cdd66bcd9452c434df4"},{"page":"/pages/demo/other/bindingx.js","md5":"dceab712c779f42a4ce036b47d4fab4c"},{"page":"/pages/demo/other/bui.js","md5":"981929fb54ddc51bd7320993a1b94cc3"},{"page":"/pages/demo/other/weexui.js","md5":"455df7137e38384a5806b5b9fad08fb8"},{"page":"/pages/demo/refresh/index.js","md5":"d94f5679bcaf82731e1b59655288adf3"},{"page":"/pages/demo/router/index.js","md5":"07944d47a32c591d95df72f632139f7d"},{"page":"/pages/demo/router/tabbarItem1.js","md5":"75df669228bafb5abf56bfbe1e407a40"},{"page":"/pages/demo/router/tabbarItem2.js","md5":"de82ceaf742aca7d8f4fc5fc8b2499dc"},{"page":"/pages/demo/router/tabbarItem3.js","md5":"ababd0824c8cfa31983bffd39dbb0ae3"},{"page":"/pages/demo/storage/index.js","md5":"1849fe9d39968fac4f1fd15fcd8305f1"},{"page":"/iconfont/font_1469606063_76593.ttf","md5":"f6222bcfedff4a817bb50df7a049d1db"},{"page":"/iconfont/font_1469606522_9417143.woff","md5":"6cf5490fd14ff83350ff952bb5b8e484"},{"page":"/iconfont/font_zn5b3jswpofuhaor.ttf","md5":"c0356b22e8235d2b0be8880cc81894cc"},{"page":"/iconfont/iconfont-eros.ttf","md5":"68780fad0047dc5b02cb613ebb08cda1"},{"page":"/iconfont/iconfont.ttf","md5":"ec86bfe5bdb872bad2b2af4f11da14f4"},{"page":"/assets/TabBar_Item1@2x.png","md5":"02c1875f727a1f4ec7a9e113498a96a5"},{"page":"/assets/TabBar_Item1_Selected@2x.png","md5":"d5e7609700d9a4f075e39b20fecbb9c3"},{"page":"/assets/TabBar_Item2@2x.png","md5":"a30651ed422c597849ce3d69b2f79048"},{"page":"/assets/TabBar_Item2_Selected@2x.png","md5":"fe893d14ff2d7b330a4aeefddbd8a7fa"},{"page":"/assets/TabBar_Item3@2x.png","md5":"fd2645e8081db44f2110661c2643f5cf"},{"page":"/assets/TabBar_Item3_Selected@2x.png","md5":"457d615a5c198b0148609f5eed84be70"},{"page":"/assets/demo.jpg","md5":"332c4e7d5398207c1b49750369a72848"}],"android":"eros-template-version","iOS":"eros-template-version","appName":"eros-template-name","jsVersion":"ffbc7958f3922274fbb362caabe8ca3d","timestamp":1528269093495,"jsPath":"https://app.weex-eros.com/source"}
