{"filesMd5":[{"page":"/mediator/index.js","md5":"633edbd8b22594ee179e4bb71c25a896"},{"page":"/config/index.js","md5":"a603c489916bddfdb8117f757dfde497"},{"page":"/pages/hello.js","md5":"b573cc7d4726feb664f5364f413564d9"},{"page":"/assets/demo.jpg","md5":"ccda4109b98125891d8febd85d78a9de"}],"android":"eros-template-version","iOS":"eros-template-version","appName":"eros-template-name","jsVersion":"47c7c288dcb9285622dfeeecef51c974","timestamp":1525246568247,"jsPath":"https://app.weex-eros.com/source"}
