{"filesMd5":[{"page":"/config/index.js","md5":"429df3d53dcc30db7bc14be76a61a14b"},{"page":"/mediator/index.js","md5":"e09c09afe211fc01ffaea76c42d85f9d"},{"page":"/pages/demo/bmcalendar/index.js","md5":"260ee9d61a9bf8c25ca3e9a6240a7a1d"},{"page":"/pages/demo/assets/index.js","md5":"ac739cab2a799cfb8dce5fa67c5b9045"},{"page":"/pages/demo/bmchart/index.js","md5":"533d64451ef100727cb27b46c81c43af"},{"page":"/pages/demo/event/b.js","md5":"c0f9e62e2da3eb15f7a8e88f6fc52b5f"},{"page":"/pages/demo/bmrichtext/index.js","md5":"71782d894b9d5f42d75cd1dd223b3eff"},{"page":"/pages/demo/event/a.js","md5":"a290af611311ebe39519962b316f23d6"},{"page":"/pages/demo/font/index.js","md5":"ddd5cebc1156433e0c8394e375f3ddb2"},{"page":"/pages/demo/globalAttr/index.js","md5":"a05d7320bb3eb9bd4252e6c59248f299"},{"page":"/pages/demo/image/index.js","md5":"d5f86c80e47700ce5225766236407411"},{"page":"/pages/demo/index.js","md5":"7cc5e53eaea136e89c8b16c7597ceb42"},{"page":"/pages/demo/inputExtend/index.js","md5":"5169681aabe4eca9f13816430afcc340"},{"page":"/pages/demo/lifecycle/index.js","md5":"527154da5bddd70212e6f2ec3b0e5f6b"},{"page":"/pages/demo/notice/index.js","md5":"700401f39f4ae94d01de5c47221b70ba"},{"page":"/pages/demo/other/bindingx.js","md5":"2b45b8e66da8324b74a5a43053ccc808"},{"page":"/pages/demo/other/bui.js","md5":"5d8a416402948fdd9cfcbad1c10af1e6"},{"page":"/pages/demo/other/weexui.js","md5":"25b165a27f5735940f5e2b75a41e3f45"},{"page":"/pages/demo/router/index.js","md5":"52444ffb1c4a246a0251587e647df949"},{"page":"/pages/demo/refresh/index.js","md5":"81ddb7af4148e4cc32278f21392c37b4"},{"page":"/pages/demo/router/tabbarItem1.js","md5":"bb4a4cb67ae76532f9bace5f74fc93cc"},{"page":"/pages/demo/router/tabbarItem2.js","md5":"1ce1d20c7744a821db7bf3557929b8f3"},{"page":"/pages/demo/router/tabbarItem3.js","md5":"5f34422d1924bcb60a84ea090973af1c"},{"page":"/pages/demo/storage/index.js","md5":"e8025b0843ecaf69fb1d968692e0e481"},{"page":"/iconfont/font_1469606063_76593.ttf","md5":"f6222bcfedff4a817bb50df7a049d1db"},{"page":"/iconfont/font_1469606522_9417143.woff","md5":"6cf5490fd14ff83350ff952bb5b8e484"},{"page":"/iconfont/font_zn5b3jswpofuhaor.ttf","md5":"c0356b22e8235d2b0be8880cc81894cc"},{"page":"/iconfont/iconfont-eros.ttf","md5":"68780fad0047dc5b02cb613ebb08cda1"},{"page":"/iconfont/iconfont.ttf","md5":"ec86bfe5bdb872bad2b2af4f11da14f4"},{"page":"/assets/TabBar_Item1@2x.png","md5":"02c1875f727a1f4ec7a9e113498a96a5"},{"page":"/assets/TabBar_Item1_Selected@2x.png","md5":"d5e7609700d9a4f075e39b20fecbb9c3"},{"page":"/assets/TabBar_Item2@2x.png","md5":"a30651ed422c597849ce3d69b2f79048"},{"page":"/assets/TabBar_Item2_Selected@2x.png","md5":"fe893d14ff2d7b330a4aeefddbd8a7fa"},{"page":"/assets/TabBar_Item3@2x.png","md5":"fd2645e8081db44f2110661c2643f5cf"},{"page":"/assets/TabBar_Item3_Selected@2x.png","md5":"457d615a5c198b0148609f5eed84be70"},{"page":"/assets/demo.jpg","md5":"332c4e7d5398207c1b49750369a72848"}],"android":"eros-template-version","iOS":"eros-template-version","appName":"eros-template-name","jsVersion":"da2b71c10037097b0a1280531c70667c","timestamp":1528196415375,"jsPath":"https://app.weex-eros.com/source"}
