{"filesMd5":[{"page":"/config/index.js","md5":"7ce6ff09ab67a70ad4172ed13ac79113"},{"page":"/mediator/index.js","md5":"31be2d1ad1f104ce03b2e035918809c6"},{"page":"/pages/demo/assets/index.js","md5":"43cdd92fb201fb68ec3f169b05a9e455"},{"page":"/pages/demo/bmcalendar/index.js","md5":"a97795d06b93c329d06dca41a7cf0395"},{"page":"/pages/demo/bmchart/index.js","md5":"3108c44200642e8ad19019b29cd753b5"},{"page":"/pages/demo/bmrichtext/index.js","md5":"949427fe02aa4cc0d258aea0c0d78560"},{"page":"/pages/demo/event/a.js","md5":"91beb382d368bb35c12d53ef0dc3b4d6"},{"page":"/pages/demo/event/b.js","md5":"cc176b0b5443704215fc71ed1ebfe2a5"},{"page":"/pages/demo/font/index.js","md5":"73f37e442a3caab544e47e28beda8ad8"},{"page":"/pages/demo/globalAttr/index.js","md5":"3f434ae178b817f47b4e81f496e651cf"},{"page":"/pages/demo/image/index.js","md5":"bebf25d20a9cf832a18135f9f4379825"},{"page":"/pages/demo/index.js","md5":"fef70332cbed13024de07253d69be715"},{"page":"/pages/demo/inputExtend/index.js","md5":"ff0c0bd20181f06a70d1926b9953ac85"},{"page":"/pages/demo/lifecycle/index.js","md5":"105c37422dc3d23b2f1016fec1dc577f"},{"page":"/pages/demo/notice/index.js","md5":"79a5a193e9ab2329627d6a366759ae08"},{"page":"/pages/demo/other/bindingx.js","md5":"6c2973f58caf2aadb9630264d6a1856d"},{"page":"/pages/demo/other/bui.js","md5":"5317197dc7744e7b5fe956cafc486ff7"},{"page":"/pages/demo/refresh/index.js","md5":"a6680cb7adb2917bf34eadc9f6855180"},{"page":"/pages/demo/other/weexui.js","md5":"f682c37a1809f381ad5b4753cbd2951f"},{"page":"/pages/demo/router/home.js","md5":"da854b8ec3bfd72a322062737643a32e"},{"page":"/pages/demo/router/index.js","md5":"4518501b21e91b58b3f2fb92870295d1"},{"page":"/pages/demo/storage/index.js","md5":"ced27a310532bcc369f54f850bec4152"},{"page":"/iconfont/font_1469606063_76593.ttf","md5":"f6222bcfedff4a817bb50df7a049d1db"},{"page":"/iconfont/font_1469606522_9417143.woff","md5":"6cf5490fd14ff83350ff952bb5b8e484"},{"page":"/iconfont/font_zn5b3jswpofuhaor.ttf","md5":"c0356b22e8235d2b0be8880cc81894cc"},{"page":"/iconfont/iconfont-eros.ttf","md5":"68780fad0047dc5b02cb613ebb08cda1"},{"page":"/iconfont/iconfont.ttf","md5":"ec86bfe5bdb872bad2b2af4f11da14f4"},{"page":"/assets/demo.jpg","md5":"332c4e7d5398207c1b49750369a72848"}],"android":"eros-template-version","iOS":"eros-template-version","appName":"eros-template-name","jsVersion":"530a805c2284d9eda7e3fd544fc85d64","timestamp":1525847108723,"jsPath":"https://app.weex-eros.com/source"}
