{"filesMd5":[{"page":"/config/index.js","md5":"3b8c39b6dbfe700c5be7c45dbba82c22"},{"page":"/mediator/index.js","md5":"2f618a825f439938db52c3bfbc17d1cf"},{"page":"/pages/hello.js","md5":"475f2a4dd31bb4aaba1cc71cc017255f"},{"page":"/assets/demo.jpg","md5":"332c4e7d5398207c1b49750369a72848"}],"android":"eros-template-version","iOS":"eros-template-version","appName":"eros-template-name","jsVersion":"73e33026e50d883a89db1cb7bf21ec24","timestamp":1525242515630,"jsPath":"https://app.weex-eros.com/source"}
