{"filesMd5":[{"page":"/config/index.js","md5":"b8bd49ef52833b813b34361351096786"},{"page":"/mediator/index.js","md5":"6507289b0fd7dafd346ce31652a666fb"},{"page":"/pages/demo/assets/index.js","md5":"d245538db9087c66f7c8fe077b717f44"},{"page":"/pages/demo/bmcalendar/index.js","md5":"378d5a730f263acbd543f23497b24520"},{"page":"/pages/demo/bmchart/index.js","md5":"cce12ef8738976aab286248d7349bf00"},{"page":"/pages/demo/bmrichtext/index.js","md5":"deeb648adc229cf24f0ca2a3888a2928"},{"page":"/pages/demo/event/a.js","md5":"16092c83732cbd1c85ee4614d8462100"},{"page":"/pages/demo/event/b.js","md5":"59bc670044007ea73d593810e90bb9ab"},{"page":"/pages/demo/font/index.js","md5":"fdc671c4504d995bf03a15231dbf3a76"},{"page":"/pages/demo/globalAttr/index.js","md5":"f9d3658400bb0f13b21b5bfe9630844a"},{"page":"/pages/demo/image/index.js","md5":"df79b5a2e97d5a9770a925c2cfcc78a5"},{"page":"/pages/demo/index.js","md5":"ba53dbb4f2a6afde58f3af6e7e28bec0"},{"page":"/pages/demo/inputExtend/index.js","md5":"dff59edd3292198fb71ce5273845c9ae"},{"page":"/pages/demo/lifecycle/index.js","md5":"dd8eba526f90cd14d01ef5bae3761902"},{"page":"/pages/demo/notice/index.js","md5":"27e6bf3d3af08053a448e42a4205bb80"},{"page":"/pages/demo/other/bindingx.js","md5":"6addc5e9f29340fee6870a6646e28222"},{"page":"/pages/demo/other/bui.js","md5":"e95c5d7975928854f017b0a73ced6612"},{"page":"/pages/demo/other/weexui.js","md5":"4b404598c259f1843a4328f8873997d0"},{"page":"/pages/demo/refresh/index.js","md5":"073a494663226c7b4429f2be38db3bbc"},{"page":"/pages/demo/router/home.js","md5":"f502e5efb4b4ce1491b67a8ce0588c4c"},{"page":"/pages/demo/router/index.js","md5":"28cb47a522c9a13532774aa0a8fb737c"},{"page":"/pages/demo/storage/index.js","md5":"92cba350a0d6036678afdd44a123747e"},{"page":"/iconfont/font_1469606063_76593.ttf","md5":"7f64b407dbb118b2bf74aae8488f115e"},{"page":"/iconfont/font_1469606522_9417143.woff","md5":"815be396a2edc810e9daab7eaf94b32e"},{"page":"/iconfont/font_zn5b3jswpofuhaor.ttf","md5":"be67220b1b872c2cba30a35787131d99"},{"page":"/iconfont/iconfont-eros.ttf","md5":"0b8ba2bdcd441231144cb9391e472e08"},{"page":"/iconfont/iconfont.ttf","md5":"fcfd6fc55b5308c896fadc1c08c4b1b0"},{"page":"/assets/demo.jpg","md5":"ccda4109b98125891d8febd85d78a9de"}],"android":"eros-template-version","iOS":"eros-template-version","appName":"eros-template-name","jsVersion":"49a18ddf45939aaae8b804119906734c","timestamp":1525246137423,"jsPath":"https://app.weex-eros.com/source"}
